               epoch,      train/box_loss,      train/obj_loss,      train/cls_loss,   metrics/precision,      metrics/recall,     metrics/mAP_0.5,metrics/mAP_0.5:0.95,        val/box_loss,        val/obj_loss,        val/cls_loss,               x/lr0,               x/lr1,               x/lr2
                   0,            0.083033,            0.022667,            0.052894,             0.27796,             0.18683,             0.11519,            0.054173,            0.048761,           0.0078786,            0.037529,            0.070259,           0.0033046,           0.0033046
                   1,            0.054677,            0.020029,            0.043201,             0.32779,             0.15482,              0.1011,            0.043546,            0.050303,           0.0082673,            0.034805,            0.040232,           0.0066116,           0.0066116
                   2,             0.04993,            0.017425,            0.035341,             0.70281,             0.32239,             0.36693,             0.17308,            0.047206,           0.0059928,            0.025711,             0.01018,           0.0098923,           0.0098923
                   3,            0.046334,            0.017161,            0.033009,             0.60133,             0.36721,             0.38588,             0.14812,            0.051943,           0.0054341,            0.023724,           0.0098812,           0.0098812,           0.0098812
                   4,            0.044845,            0.016353,            0.030198,             0.72114,             0.52589,             0.56887,             0.25646,            0.041464,           0.0054582,              0.0212,           0.0098812,           0.0098812,           0.0098812
                   5,            0.043607,            0.017108,            0.030747,             0.78694,             0.51538,             0.59717,             0.28091,            0.040497,           0.0056251,             0.01863,           0.0098416,           0.0098416,           0.0098416
                   6,            0.040731,             0.01674,            0.029845,             0.84306,             0.45201,             0.52639,             0.19774,            0.046697,           0.0057175,            0.019039,            0.009802,            0.009802,            0.009802
                   7,             0.04127,            0.016476,            0.028482,             0.87753,             0.48262,             0.55007,             0.23889,            0.045384,           0.0057211,            0.017919,           0.0097624,           0.0097624,           0.0097624
                   8,            0.039871,            0.016504,             0.02814,              0.7373,             0.49243,             0.53304,             0.24453,            0.040545,           0.0056107,            0.020829,           0.0097228,           0.0097228,           0.0097228
                   9,            0.039531,            0.016507,            0.026588,             0.87838,             0.57389,             0.67075,             0.35664,            0.039892,           0.0053525,            0.016985,           0.0096832,           0.0096832,           0.0096832
                  10,            0.038807,            0.016382,            0.026043,              0.7874,             0.59865,             0.59497,             0.30279,             0.03856,           0.0052437,            0.017658,           0.0096436,           0.0096436,           0.0096436
                  11,            0.038533,            0.015968,            0.024619,              0.8193,             0.53665,             0.59456,             0.28652,            0.038287,           0.0050613,            0.017042,            0.009604,            0.009604,            0.009604
                  12,            0.038013,            0.015918,            0.026507,             0.72005,             0.40582,             0.44386,             0.19381,            0.047212,           0.0063183,            0.017636,           0.0095644,           0.0095644,           0.0095644
                  13,            0.036296,            0.016124,            0.025426,             0.93663,             0.55483,             0.67674,             0.36413,            0.036893,           0.0050638,            0.015707,           0.0095248,           0.0095248,           0.0095248
                  14,            0.038548,            0.015567,            0.024077,             0.83294,             0.58123,              0.6372,             0.30249,            0.038721,           0.0051409,            0.018895,           0.0094852,           0.0094852,           0.0094852
                  15,            0.037457,            0.016032,            0.024666,              0.8757,             0.60488,              0.6703,             0.34125,            0.038441,           0.0049318,            0.018036,           0.0094456,           0.0094456,           0.0094456
                  16,            0.036041,            0.015658,            0.024656,             0.88229,             0.60057,             0.69351,             0.37909,            0.037435,            0.005056,            0.014513,            0.009406,            0.009406,            0.009406
                  17,            0.035635,            0.015454,            0.024046,             0.82218,             0.52672,             0.57336,             0.28579,            0.043027,           0.0057166,            0.015524,           0.0093664,           0.0093664,           0.0093664
                  18,            0.035859,             0.01505,            0.022004,             0.89827,             0.66104,             0.72985,             0.37942,            0.036408,             0.00506,            0.013694,           0.0093268,           0.0093268,           0.0093268
                  19,            0.035435,            0.015327,            0.023005,             0.85043,             0.69038,             0.72508,              0.3842,            0.037515,           0.0046918,            0.014374,           0.0092872,           0.0092872,           0.0092872
                  20,             0.03463,             0.01495,            0.022833,             0.84865,             0.66096,             0.71921,             0.40385,             0.03516,           0.0049278,            0.015484,           0.0092476,           0.0092476,           0.0092476
                  21,            0.033013,            0.015131,            0.020427,             0.79779,             0.52016,             0.55441,             0.26022,            0.039009,           0.0056236,            0.017466,            0.009208,            0.009208,            0.009208
                  22,            0.033942,            0.015282,            0.022478,             0.90922,             0.65245,             0.71333,             0.36751,            0.038271,            0.004844,            0.018437,           0.0091684,           0.0091684,           0.0091684
                  23,             0.03298,            0.014956,            0.021333,             0.83412,              0.6183,             0.65922,             0.35439,            0.037104,           0.0049903,            0.017301,           0.0091288,           0.0091288,           0.0091288
                  24,            0.033732,            0.014771,            0.021021,             0.89313,             0.58335,             0.70023,              0.3883,            0.036113,           0.0053738,            0.023416,           0.0090892,           0.0090892,           0.0090892
                  25,            0.032908,            0.015055,            0.021764,             0.88158,             0.67016,             0.71312,             0.40775,             0.03701,           0.0045497,            0.014646,           0.0090496,           0.0090496,           0.0090496
                  26,            0.033362,             0.01501,            0.020424,             0.92348,              0.6996,             0.73794,             0.41341,            0.035109,           0.0045703,            0.017198,             0.00901,             0.00901,             0.00901
                  27,             0.03287,            0.014715,            0.019427,             0.85882,             0.68914,             0.70593,             0.37975,            0.035751,           0.0047255,            0.015871,           0.0089704,           0.0089704,           0.0089704
                  28,            0.032906,            0.014638,             0.02049,             0.94148,             0.63796,             0.72929,             0.39384,            0.037441,           0.0047154,            0.015403,           0.0089308,           0.0089308,           0.0089308
                  29,            0.031581,            0.014453,            0.020527,             0.85219,             0.64302,             0.67975,             0.33325,            0.038754,           0.0048174,            0.014202,           0.0088912,           0.0088912,           0.0088912
                  30,            0.033666,            0.014567,            0.020628,             0.91636,             0.63876,              0.7144,             0.40234,              0.0347,           0.0049678,            0.016681,           0.0088516,           0.0088516,           0.0088516
                  31,            0.032246,            0.014756,            0.020575,             0.86323,             0.68401,             0.72406,              0.4189,            0.036013,           0.0048116,            0.016557,            0.008812,            0.008812,            0.008812
                  32,             0.03262,            0.014623,            0.020166,             0.88967,             0.61589,             0.68005,             0.36238,            0.036677,            0.004973,            0.014402,           0.0087724,           0.0087724,           0.0087724
                  33,            0.031935,            0.014526,            0.020614,             0.89868,             0.65569,              0.7301,             0.41328,            0.035243,            0.005066,            0.017799,           0.0087328,           0.0087328,           0.0087328
                  34,            0.031652,              0.0146,            0.020585,             0.89802,             0.64474,             0.69062,             0.35443,            0.037542,           0.0050802,            0.016538,           0.0086932,           0.0086932,           0.0086932
                  35,            0.031659,             0.01444,            0.019527,             0.87078,             0.64671,             0.69299,             0.37802,            0.036401,           0.0052129,            0.014709,           0.0086536,           0.0086536,           0.0086536
                  36,            0.031236,            0.014422,            0.019677,              0.8749,             0.62927,             0.69103,             0.38916,            0.038203,           0.0048768,            0.018488,            0.008614,            0.008614,            0.008614
                  37,            0.030499,            0.014573,            0.020812,             0.93655,             0.66339,             0.70288,             0.38523,            0.036909,           0.0049782,            0.014262,           0.0085744,           0.0085744,           0.0085744
                  38,            0.030671,             0.01437,            0.017811,             0.88499,             0.65911,             0.70031,             0.38584,            0.035221,           0.0047468,            0.017889,           0.0085348,           0.0085348,           0.0085348
                  39,            0.031426,            0.014509,            0.019276,             0.87095,             0.66735,             0.70382,             0.38196,            0.035925,           0.0050886,            0.018811,           0.0084952,           0.0084952,           0.0084952
                  40,            0.031133,            0.013987,            0.018944,             0.93083,             0.62296,             0.70082,              0.3973,            0.036537,           0.0051682,             0.01613,           0.0084556,           0.0084556,           0.0084556
                  41,            0.030365,            0.013934,            0.018899,             0.71278,             0.66402,             0.72068,             0.39865,            0.036171,           0.0047274,            0.015969,            0.008416,            0.008416,            0.008416
                  42,            0.031217,            0.014559,            0.018941,             0.89747,             0.63929,             0.69846,             0.38869,            0.035295,           0.0050396,            0.017175,           0.0083764,           0.0083764,           0.0083764
                  43,              0.0318,            0.014154,            0.017762,              0.9326,             0.66041,              0.7152,              0.4142,            0.034678,            0.004847,            0.017295,           0.0083368,           0.0083368,           0.0083368
                  44,            0.030647,            0.014137,             0.01868,             0.83444,             0.64787,             0.69589,             0.40634,            0.035037,           0.0048671,             0.01581,           0.0082972,           0.0082972,           0.0082972
                  45,            0.030674,            0.014308,            0.017448,             0.85683,             0.60427,             0.65617,             0.37597,            0.037607,           0.0052527,            0.016062,           0.0082576,           0.0082576,           0.0082576
                  46,            0.030319,            0.014317,            0.017984,             0.91444,             0.62351,             0.68683,             0.35741,            0.035558,           0.0054036,            0.014131,            0.008218,            0.008218,            0.008218
                  47,            0.030846,            0.014356,            0.018672,             0.81346,             0.71079,             0.68654,             0.39255,              0.0375,           0.0050107,            0.013399,           0.0081784,           0.0081784,           0.0081784
                  48,            0.031295,            0.014227,            0.018542,             0.89793,              0.6421,             0.71329,             0.39842,            0.036358,            0.004983,            0.017318,           0.0081388,           0.0081388,           0.0081388
                  49,            0.029482,            0.013899,            0.017914,             0.71673,             0.73734,             0.72466,              0.4182,            0.036142,           0.0050972,            0.014004,           0.0080992,           0.0080992,           0.0080992
                  50,            0.030267,            0.013895,            0.015008,             0.85771,             0.62485,             0.70249,             0.37861,            0.035411,           0.0053513,            0.012395,           0.0080596,           0.0080596,           0.0080596
                  51,            0.029572,            0.013789,            0.018737,             0.75418,             0.71289,             0.72738,             0.40903,            0.036464,           0.0051166,            0.015225,             0.00802,             0.00802,             0.00802
                  52,             0.02933,            0.013957,            0.017674,             0.77221,             0.71888,             0.74821,             0.44591,             0.03679,           0.0048422,            0.012107,           0.0079804,           0.0079804,           0.0079804
                  53,            0.029474,            0.013654,              0.0164,             0.73323,             0.72465,             0.74775,             0.43883,            0.035042,            0.004971,            0.014875,           0.0079408,           0.0079408,           0.0079408
                  54,            0.030355,             0.01375,            0.015684,             0.79527,              0.7368,             0.74042,              0.4178,            0.035531,           0.0047425,            0.015221,           0.0079012,           0.0079012,           0.0079012
                  55,            0.029332,            0.013498,            0.016003,             0.78052,              0.6267,             0.70199,             0.38152,            0.037279,           0.0051816,            0.020426,           0.0078616,           0.0078616,           0.0078616
                  56,            0.028614,            0.013748,            0.016664,             0.78594,              0.7311,             0.73962,              0.4156,             0.03486,           0.0048834,            0.016415,            0.007822,            0.007822,            0.007822
                  57,            0.029495,            0.013832,            0.017151,             0.84223,             0.68042,             0.69476,             0.38934,            0.036186,           0.0052376,            0.015333,           0.0077824,           0.0077824,           0.0077824
                  58,             0.02947,            0.013349,            0.016164,             0.69653,             0.62329,              0.6768,             0.36653,            0.038409,            0.005147,            0.016522,           0.0077428,           0.0077428,           0.0077428
                  59,            0.028883,            0.013716,            0.016285,             0.72325,             0.70536,             0.70562,             0.40401,             0.03498,            0.004803,            0.016559,           0.0077032,           0.0077032,           0.0077032
                  60,             0.02899,            0.013645,            0.015523,             0.70421,             0.69948,             0.71213,             0.41489,            0.036105,           0.0051396,            0.014695,           0.0076636,           0.0076636,           0.0076636
                  61,            0.029853,            0.013883,            0.014997,             0.79186,             0.68839,             0.72237,             0.41822,            0.034851,           0.0049915,            0.016133,            0.007624,            0.007624,            0.007624
                  62,              0.0288,            0.013666,            0.013385,             0.83243,             0.69422,             0.76102,             0.44776,            0.035353,           0.0052742,             0.01461,           0.0075844,           0.0075844,           0.0075844
                  63,            0.028465,            0.013338,            0.015082,             0.83743,             0.69247,             0.73094,             0.43307,            0.037294,           0.0050486,             0.01363,           0.0075448,           0.0075448,           0.0075448
                  64,            0.029641,            0.013518,            0.015638,             0.85275,             0.72501,             0.76282,             0.44885,            0.035657,           0.0047998,             0.01594,           0.0075052,           0.0075052,           0.0075052
                  65,            0.029476,            0.013364,            0.014363,             0.75535,             0.73174,             0.73634,             0.42309,            0.034495,            0.004995,            0.017952,           0.0074656,           0.0074656,           0.0074656
                  66,            0.030473,            0.013272,            0.015622,             0.81061,             0.68625,             0.74872,             0.42911,            0.034802,           0.0048644,            0.018472,            0.007426,            0.007426,            0.007426
                  67,            0.029185,            0.013434,             0.01448,             0.74038,              0.7147,             0.71839,             0.41476,            0.034913,           0.0047895,            0.018053,           0.0073864,           0.0073864,           0.0073864
                  68,            0.028506,            0.013697,            0.014642,             0.89543,             0.69615,              0.7258,             0.41174,            0.035164,           0.0047785,            0.010995,           0.0073468,           0.0073468,           0.0073468
                  69,            0.030213,            0.013221,            0.013995,             0.73605,             0.66482,             0.71076,             0.41247,            0.035136,           0.0048426,            0.022247,           0.0073072,           0.0073072,           0.0073072
                  70,            0.028597,            0.013515,            0.013873,             0.73923,             0.70323,             0.71897,             0.41576,            0.034352,           0.0047155,            0.021523,           0.0072676,           0.0072676,           0.0072676
                  71,            0.028755,            0.013389,            0.013511,             0.75942,             0.70954,             0.72995,             0.42321,            0.034647,             0.00513,            0.022875,            0.007228,            0.007228,            0.007228
                  72,            0.030201,            0.013378,            0.015186,             0.69471,             0.73711,             0.70995,             0.38448,            0.036855,           0.0049695,            0.022203,           0.0071884,           0.0071884,           0.0071884
                  73,            0.027848,            0.012943,            0.013444,             0.74524,             0.62377,             0.68925,             0.42844,            0.034562,           0.0048981,            0.023208,           0.0071488,           0.0071488,           0.0071488
                  74,             0.02799,            0.013258,             0.01352,             0.76569,             0.69299,             0.72391,              0.4341,             0.03535,           0.0047486,            0.019878,           0.0071092,           0.0071092,           0.0071092
                  75,            0.028703,            0.013048,            0.015148,             0.71068,             0.78107,             0.74059,              0.4212,            0.036636,           0.0047158,            0.022927,           0.0070696,           0.0070696,           0.0070696
                  76,            0.027792,            0.013141,            0.013279,             0.75365,             0.68859,              0.7242,             0.41391,            0.035058,           0.0048119,            0.018875,             0.00703,             0.00703,             0.00703
                  77,            0.028604,             0.01312,            0.014527,             0.70891,             0.67405,             0.70005,             0.41178,            0.033014,           0.0050639,            0.020267,           0.0069904,           0.0069904,           0.0069904
                  78,            0.028626,            0.013108,            0.016038,             0.69736,             0.68085,             0.67788,             0.40567,            0.033199,           0.0049042,            0.018387,           0.0069508,           0.0069508,           0.0069508
                  79,            0.027583,            0.013228,            0.013223,              0.7009,             0.72658,             0.69759,             0.40921,            0.033042,            0.005001,            0.016724,           0.0069112,           0.0069112,           0.0069112
                  80,            0.028346,            0.012899,            0.014443,             0.72043,             0.73175,             0.70438,             0.41658,            0.034101,           0.0047512,             0.01583,           0.0068716,           0.0068716,           0.0068716
                  81,            0.028499,            0.013008,            0.014148,             0.89696,             0.67069,             0.69058,             0.38845,            0.035105,           0.0049725,            0.018956,            0.006832,            0.006832,            0.006832
                  82,            0.027955,            0.012798,            0.014417,              0.7129,             0.68617,             0.69613,             0.40419,            0.033199,           0.0047066,            0.023262,           0.0067924,           0.0067924,           0.0067924
                  83,            0.027925,            0.013214,            0.013242,              0.8877,             0.70995,             0.71177,              0.4064,            0.037184,           0.0049391,            0.019337,           0.0067528,           0.0067528,           0.0067528
                  84,            0.027924,            0.012722,            0.013135,             0.74088,             0.68976,             0.70869,              0.4147,            0.034252,           0.0049507,            0.024705,           0.0067132,           0.0067132,           0.0067132
                  85,             0.02772,             0.01266,            0.011682,             0.71862,             0.67877,             0.70169,             0.40491,             0.03454,           0.0046354,            0.021094,           0.0066736,           0.0066736,           0.0066736
                  86,            0.027852,            0.012646,             0.01314,             0.73167,             0.66485,             0.70309,             0.41734,            0.034521,           0.0048416,             0.02206,            0.006634,            0.006634,            0.006634
                  87,            0.027741,            0.012474,            0.013081,             0.74338,             0.65677,             0.70927,             0.40594,            0.035414,           0.0048781,            0.019831,           0.0065944,           0.0065944,           0.0065944
                  88,            0.027343,            0.012956,            0.012159,             0.89541,             0.68298,              0.7311,             0.42548,            0.034708,           0.0048403,            0.021324,           0.0065548,           0.0065548,           0.0065548
                  89,            0.027103,             0.01287,            0.013764,              0.7025,             0.67838,             0.71966,             0.44397,            0.033611,           0.0046512,            0.023859,           0.0065152,           0.0065152,           0.0065152
                  90,            0.027318,            0.013059,            0.013851,             0.76002,             0.74557,              0.7478,             0.44084,            0.034126,           0.0046772,            0.020039,           0.0064756,           0.0064756,           0.0064756
                  91,            0.027066,            0.012878,            0.013661,             0.90163,             0.71277,             0.73717,             0.43317,            0.034437,           0.0046262,            0.018484,            0.006436,            0.006436,            0.006436
                  92,            0.027183,            0.012858,            0.011136,             0.69983,             0.74602,             0.71798,             0.43281,            0.035986,           0.0047185,            0.017093,           0.0063964,           0.0063964,           0.0063964
                  93,            0.027446,            0.012499,            0.012167,             0.77633,             0.72929,             0.73952,             0.45117,             0.03463,           0.0047287,             0.02089,           0.0063568,           0.0063568,           0.0063568
                  94,            0.027765,            0.012969,            0.011663,             0.78182,               0.761,             0.74785,              0.4442,            0.034332,           0.0047635,            0.018095,           0.0063172,           0.0063172,           0.0063172
                  95,            0.027415,            0.012816,             0.01331,             0.69541,             0.68452,             0.70812,             0.41871,            0.033225,           0.0046354,            0.020121,           0.0062776,           0.0062776,           0.0062776
                  96,            0.027019,            0.012954,            0.012768,             0.72926,             0.67646,             0.72097,             0.42917,            0.033458,           0.0048316,            0.018068,            0.006238,            0.006238,            0.006238
                  97,            0.027232,            0.012648,            0.012599,             0.71065,             0.69755,             0.71229,             0.42096,            0.035917,            0.004672,            0.020358,           0.0061984,           0.0061984,           0.0061984
                  98,            0.027515,             0.01245,            0.011688,             0.74182,             0.69772,             0.72326,             0.43181,            0.034247,           0.0048059,            0.018404,           0.0061588,           0.0061588,           0.0061588
                  99,            0.026951,            0.012432,            0.011015,             0.90522,             0.65992,             0.70882,             0.42604,             0.03379,           0.0047322,            0.019657,           0.0061192,           0.0061192,           0.0061192
                 100,            0.027133,            0.013099,            0.013106,             0.74251,             0.66153,             0.71319,             0.42619,            0.033924,           0.0048666,            0.019654,           0.0060796,           0.0060796,           0.0060796
                 101,            0.027091,            0.012914,            0.012464,             0.72074,             0.64875,             0.69579,             0.41056,            0.033833,           0.0046407,            0.016329,             0.00604,             0.00604,             0.00604
                 102,            0.026777,            0.012635,            0.012395,             0.74456,             0.70058,             0.71956,             0.42791,            0.034303,           0.0049125,            0.017815,           0.0060004,           0.0060004,           0.0060004
                 103,            0.027227,            0.012725,            0.011804,             0.67939,             0.66198,              0.6765,             0.41077,            0.035396,           0.0048528,             0.01885,           0.0059608,           0.0059608,           0.0059608
                 104,            0.026686,            0.012762,            0.012568,              0.7497,              0.7146,             0.72391,             0.44643,            0.033574,           0.0047795,            0.015219,           0.0059212,           0.0059212,           0.0059212
                 105,            0.026352,            0.012519,             0.01216,             0.79202,             0.71702,             0.76361,             0.46117,            0.034524,            0.004652,            0.013679,           0.0058816,           0.0058816,           0.0058816
                 106,             0.02675,            0.012467,            0.011337,             0.69247,             0.68901,             0.71932,              0.4099,             0.03429,           0.0049038,            0.018601,            0.005842,            0.005842,            0.005842
                 107,            0.026064,            0.012365,            0.012871,              0.7525,              0.7009,             0.74294,              0.4354,            0.035213,           0.0047786,            0.014469,           0.0058024,           0.0058024,           0.0058024
                 108,            0.025719,            0.012245,            0.012526,             0.69227,             0.68962,             0.71766,             0.42128,            0.034835,           0.0047403,            0.017383,           0.0057628,           0.0057628,           0.0057628
                 109,            0.026103,            0.012374,            0.011587,             0.85503,             0.72067,             0.74554,             0.46725,            0.034622,           0.0046656,            0.014681,           0.0057232,           0.0057232,           0.0057232
                 110,            0.026395,            0.012724,            0.011702,             0.72219,             0.65904,             0.70453,             0.43597,            0.034273,            0.004705,            0.018941,           0.0056836,           0.0056836,           0.0056836
                 111,            0.026797,            0.012632,            0.013016,             0.71157,             0.70792,             0.69971,              0.4296,            0.034991,           0.0046792,            0.019865,            0.005644,            0.005644,            0.005644
                 112,            0.026371,            0.012423,            0.010839,             0.70338,             0.76816,             0.73683,             0.44228,            0.034321,           0.0047159,            0.016091,           0.0056044,           0.0056044,           0.0056044
                 113,            0.025727,            0.012728,             0.01208,             0.69875,             0.70907,             0.72547,             0.43778,            0.033451,           0.0049334,            0.018844,           0.0055648,           0.0055648,           0.0055648
                 114,            0.026909,              0.0125,             0.01091,             0.91345,             0.68165,             0.72271,             0.44417,            0.033828,            0.004691,            0.018605,           0.0055252,           0.0055252,           0.0055252
                 115,            0.026304,            0.012397,            0.010497,             0.73183,             0.70269,             0.73224,             0.44953,            0.034259,           0.0045944,            0.017734,           0.0054856,           0.0054856,           0.0054856
                 116,             0.02617,            0.012588,            0.010106,             0.74164,             0.68167,             0.72428,             0.41905,            0.034383,           0.0046776,            0.020119,            0.005446,            0.005446,            0.005446
                 117,            0.026399,             0.01252,            0.010067,             0.74866,             0.67276,              0.7129,             0.41995,            0.034699,            0.004602,            0.020859,           0.0054064,           0.0054064,           0.0054064
                 118,             0.02622,             0.01207,            0.012235,              0.7083,             0.69765,             0.72493,             0.40523,            0.034621,           0.0046866,            0.017126,           0.0053668,           0.0053668,           0.0053668
                 119,            0.025747,            0.012178,            0.011188,             0.90646,             0.65373,             0.70457,             0.39592,            0.035124,           0.0048003,            0.016472,           0.0053272,           0.0053272,           0.0053272
                 120,            0.025296,            0.012403,            0.011854,             0.69787,              0.7509,             0.70768,             0.40953,             0.03537,           0.0047114,            0.022007,           0.0052876,           0.0052876,           0.0052876
                 121,            0.026201,            0.012146,            0.010372,             0.75665,             0.67886,             0.71657,             0.43451,            0.034529,            0.004759,            0.020921,            0.005248,            0.005248,            0.005248
                 122,            0.025638,            0.012605,            0.010644,             0.72342,             0.70562,             0.73441,             0.43232,            0.034899,           0.0049517,            0.022328,           0.0052084,           0.0052084,           0.0052084
                 123,            0.025416,            0.012262,            0.010764,             0.85531,             0.73285,             0.72496,             0.44237,            0.034633,           0.0048835,            0.021349,           0.0051688,           0.0051688,           0.0051688
                 124,             0.02606,            0.012084,           0.0097275,             0.72544,             0.67507,             0.70388,             0.40692,            0.035065,           0.0048434,            0.021539,           0.0051292,           0.0051292,           0.0051292
                 125,            0.025532,            0.011988,            0.011495,             0.69762,              0.6533,             0.69938,             0.41199,            0.035107,           0.0047277,            0.021603,           0.0050896,           0.0050896,           0.0050896
                 126,            0.025705,            0.012198,            0.010567,             0.74219,             0.66549,             0.71017,              0.4044,             0.03477,           0.0049067,            0.020698,             0.00505,             0.00505,             0.00505
                 127,            0.026549,            0.011925,           0.0096743,              0.7102,              0.6671,             0.69447,             0.40981,            0.034636,           0.0048967,            0.019496,           0.0050104,           0.0050104,           0.0050104
                 128,            0.025587,            0.011823,            0.010567,             0.85487,             0.64439,             0.66848,             0.40731,            0.037384,            0.004682,            0.021694,           0.0049708,           0.0049708,           0.0049708
                 129,            0.025787,            0.012023,            0.011614,             0.73489,             0.64374,               0.701,             0.41078,            0.037218,           0.0049319,            0.021839,           0.0049312,           0.0049312,           0.0049312
                 130,            0.025435,            0.012176,            0.010211,             0.90844,             0.65339,             0.71199,             0.43221,            0.034895,           0.0047585,            0.021762,           0.0048916,           0.0048916,           0.0048916
                 131,            0.025858,            0.011873,            0.010794,             0.68803,             0.64442,                0.69,             0.43006,            0.035048,           0.0047084,            0.021226,            0.004852,            0.004852,            0.004852
                 132,            0.025001,            0.012147,            0.010013,             0.69814,             0.64038,             0.69092,             0.40807,            0.034413,           0.0048721,             0.02118,           0.0048124,           0.0048124,           0.0048124
                 133,            0.026235,            0.012498,            0.011004,             0.88031,             0.64416,             0.70376,             0.42178,            0.033871,           0.0048431,            0.019369,           0.0047728,           0.0047728,           0.0047728
                 134,             0.02556,            0.012007,            0.010699,             0.66953,             0.69238,             0.68675,             0.41026,            0.033295,            0.004813,            0.020063,           0.0047332,           0.0047332,           0.0047332
                 135,            0.024365,            0.011933,            0.010481,             0.70634,             0.66087,             0.71135,              0.4242,            0.034675,           0.0047846,            0.019078,           0.0046936,           0.0046936,           0.0046936
                 136,            0.024913,            0.012002,           0.0099719,             0.65162,             0.69532,             0.70419,             0.42405,            0.034211,            0.004811,            0.018238,            0.004654,            0.004654,            0.004654
                 137,            0.024142,            0.012029,           0.0096635,             0.68488,              0.6733,             0.71206,              0.4249,            0.034556,           0.0050054,            0.019469,           0.0046144,           0.0046144,           0.0046144
                 138,            0.024192,            0.011934,              0.0105,              0.7467,             0.65981,             0.70478,             0.42981,            0.034471,           0.0050099,            0.016762,           0.0045748,           0.0045748,           0.0045748
                 139,            0.024406,            0.012187,            0.010019,             0.75059,             0.68081,             0.71465,             0.43957,            0.035863,           0.0046905,            0.018973,           0.0045352,           0.0045352,           0.0045352
                 140,            0.025568,            0.012063,            0.011195,              0.7133,              0.6984,              0.7117,              0.4149,            0.034255,           0.0048187,             0.01886,           0.0044956,           0.0044956,           0.0044956
                 141,            0.024681,            0.011958,           0.0099061,             0.78789,             0.71691,             0.72061,              0.4344,            0.034364,           0.0047965,            0.016991,            0.004456,            0.004456,            0.004456
                 142,            0.024749,            0.011568,           0.0091159,             0.69938,             0.70923,             0.69105,             0.41291,            0.035743,           0.0048361,             0.01812,           0.0044164,           0.0044164,           0.0044164
                 143,            0.025769,            0.012101,           0.0098579,             0.69359,              0.6943,             0.70396,             0.41032,             0.03714,           0.0048381,            0.018056,           0.0043768,           0.0043768,           0.0043768
                 144,            0.024088,            0.011682,           0.0096198,             0.68609,             0.72191,             0.69877,             0.42889,            0.035995,           0.0047239,            0.019302,           0.0043372,           0.0043372,           0.0043372
                 145,            0.024773,            0.011761,           0.0096884,             0.90185,              0.6027,             0.70029,             0.42219,            0.035547,           0.0046342,             0.02224,           0.0042976,           0.0042976,           0.0042976
                 146,             0.02452,            0.011775,           0.0088932,             0.87644,              0.6605,             0.70544,             0.40829,            0.034537,           0.0048767,            0.021977,            0.004258,            0.004258,            0.004258
                 147,            0.025037,            0.011639,           0.0097929,             0.85631,             0.64551,             0.70287,             0.40512,            0.034299,           0.0049322,            0.021525,           0.0042184,           0.0042184,           0.0042184
                 148,             0.02443,            0.011662,           0.0099697,             0.68461,             0.65046,             0.70399,             0.41598,            0.034198,             0.00482,            0.020154,           0.0041788,           0.0041788,           0.0041788
                 149,            0.024823,            0.011848,           0.0093737,             0.89234,             0.65085,             0.72949,             0.43524,            0.034426,           0.0047444,            0.020088,           0.0041392,           0.0041392,           0.0041392
                 150,            0.023411,            0.011669,           0.0081197,             0.69589,             0.72705,             0.72517,             0.42954,            0.034483,           0.0048672,            0.019434,           0.0040996,           0.0040996,           0.0040996
                 151,             0.02424,            0.011475,           0.0084542,             0.66749,             0.73279,             0.72058,             0.44156,            0.034313,           0.0048446,            0.016656,             0.00406,             0.00406,             0.00406
                 152,            0.024318,            0.011642,           0.0093102,             0.85655,             0.67907,             0.71965,             0.44178,             0.03375,           0.0045533,            0.019229,           0.0040204,           0.0040204,           0.0040204
                 153,            0.023186,            0.011633,           0.0082629,             0.83139,             0.69486,              0.7048,             0.41911,            0.033851,           0.0048755,             0.01896,           0.0039808,           0.0039808,           0.0039808
                 154,            0.024863,            0.011632,           0.0082428,             0.70268,             0.64298,             0.69823,              0.4192,            0.034212,           0.0047566,            0.019535,           0.0039412,           0.0039412,           0.0039412
                 155,            0.024024,            0.011749,           0.0085134,              0.8385,             0.67845,             0.68057,             0.41084,            0.032859,           0.0048672,            0.015232,           0.0039016,           0.0039016,           0.0039016
                 156,             0.02407,            0.011805,           0.0093764,              0.6717,             0.75166,             0.71524,             0.41506,             0.03431,           0.0048452,             0.01408,            0.003862,            0.003862,            0.003862
                 157,            0.023745,            0.011765,           0.0084035,             0.88423,             0.67292,             0.71673,             0.43257,            0.034041,           0.0048867,            0.013477,           0.0038224,           0.0038224,           0.0038224
                 158,            0.023659,            0.011594,           0.0083193,              0.7064,             0.72341,             0.72926,             0.44722,            0.034343,           0.0048168,            0.019669,           0.0037828,           0.0037828,           0.0037828
                 159,            0.023223,            0.011708,           0.0071836,             0.79248,             0.70699,             0.71485,             0.43795,            0.034409,           0.0050013,            0.022634,           0.0037432,           0.0037432,           0.0037432
                 160,            0.024059,            0.011518,           0.0073212,             0.83118,             0.72309,             0.73843,             0.46153,            0.034835,           0.0049582,            0.022093,           0.0037036,           0.0037036,           0.0037036
                 161,            0.023812,            0.011334,           0.0081249,             0.68837,             0.71619,             0.72464,             0.42918,            0.034736,           0.0048161,            0.017923,            0.003664,            0.003664,            0.003664
                 162,            0.024139,            0.011261,           0.0088839,             0.74675,              0.7086,             0.71303,             0.41883,            0.035137,           0.0049693,            0.017515,           0.0036244,           0.0036244,           0.0036244
                 163,            0.024654,            0.011302,           0.0079018,             0.74382,             0.71631,             0.71337,             0.42479,            0.035694,           0.0048196,            0.016294,           0.0035848,           0.0035848,           0.0035848
                 164,            0.024715,            0.011588,           0.0095269,             0.76564,             0.73618,             0.73464,             0.43726,            0.034918,           0.0047421,            0.017388,           0.0035452,           0.0035452,           0.0035452
                 165,            0.023255,              0.0111,            0.007554,             0.81225,             0.68611,             0.73112,             0.44485,            0.034508,           0.0048204,            0.015407,           0.0035056,           0.0035056,           0.0035056
                 166,            0.023488,            0.011356,           0.0087202,             0.73378,             0.72563,               0.731,             0.44005,            0.034115,           0.0048863,            0.014439,            0.003466,            0.003466,            0.003466
                 167,            0.024431,            0.011197,           0.0079109,             0.76408,             0.72613,             0.73373,             0.45248,            0.033216,           0.0050588,            0.014101,           0.0034264,           0.0034264,           0.0034264
                 168,            0.022889,             0.01095,           0.0077474,             0.71848,             0.67822,             0.73964,             0.43956,            0.033161,            0.004921,            0.013541,           0.0033868,           0.0033868,           0.0033868
                 169,            0.022647,            0.011003,           0.0077714,             0.75093,             0.73673,             0.74134,             0.44345,            0.033567,           0.0047266,            0.015611,           0.0033472,           0.0033472,           0.0033472
                 170,            0.024737,            0.011198,           0.0083106,             0.88319,             0.66957,             0.70851,             0.41992,            0.033744,           0.0048064,            0.017487,           0.0033076,           0.0033076,           0.0033076
                 171,            0.023831,            0.011118,            0.009249,             0.85725,             0.65064,             0.71715,             0.41551,            0.034177,           0.0049538,             0.01767,            0.003268,            0.003268,            0.003268
                 172,            0.023153,            0.011313,           0.0080428,             0.65072,             0.73772,             0.70448,             0.42556,            0.034679,             0.00498,             0.01884,           0.0032284,           0.0032284,           0.0032284
                 173,            0.023183,            0.011125,           0.0086475,             0.70139,             0.73481,             0.71305,             0.43115,            0.034275,           0.0050546,            0.020579,           0.0031888,           0.0031888,           0.0031888
                 174,            0.022252,            0.011059,           0.0081483,             0.73274,             0.73154,             0.72803,             0.42792,            0.034055,           0.0048568,            0.017719,           0.0031492,           0.0031492,           0.0031492
                 175,            0.022492,            0.010957,           0.0064321,              0.7437,              0.7296,             0.71963,             0.43943,            0.034185,           0.0048048,            0.017943,           0.0031096,           0.0031096,           0.0031096
                 176,            0.023251,             0.01114,           0.0066084,             0.72617,             0.74378,              0.7305,             0.43697,            0.034385,           0.0048653,            0.017935,             0.00307,             0.00307,             0.00307
                 177,            0.022471,            0.011116,           0.0069203,             0.71313,             0.69806,             0.72749,             0.43167,            0.033963,           0.0048895,            0.019493,           0.0030304,           0.0030304,           0.0030304
                 178,              0.0221,             0.01102,           0.0082074,             0.89143,             0.69754,             0.71296,             0.41854,            0.034274,           0.0048282,            0.017966,           0.0029908,           0.0029908,           0.0029908
                 179,            0.022648,            0.011187,           0.0067361,             0.88292,             0.69163,             0.70266,              0.4192,            0.034462,           0.0050022,            0.018589,           0.0029512,           0.0029512,           0.0029512
                 180,            0.023794,            0.011214,            0.008135,             0.75228,             0.72199,              0.7185,             0.44422,            0.034033,           0.0050075,            0.018051,           0.0029116,           0.0029116,           0.0029116
                 181,            0.023446,            0.011064,           0.0074783,             0.81843,             0.68986,             0.73676,             0.45546,            0.034006,            0.004977,            0.018372,            0.002872,            0.002872,            0.002872
                 182,            0.021984,               0.011,           0.0071689,             0.85116,             0.66201,              0.7429,             0.46314,            0.033466,            0.004883,            0.017111,           0.0028324,           0.0028324,           0.0028324
                 183,            0.021771,            0.010926,           0.0078925,             0.85008,             0.69049,             0.74499,             0.45739,            0.033054,           0.0049341,            0.015337,           0.0027928,           0.0027928,           0.0027928
                 184,            0.022612,            0.011265,           0.0077597,             0.82372,             0.74472,             0.76409,             0.46904,             0.03126,           0.0048818,            0.015965,           0.0027532,           0.0027532,           0.0027532
                 185,            0.022599,            0.010858,           0.0074556,             0.87141,             0.68158,             0.72829,             0.45319,            0.032006,            0.004886,            0.017011,           0.0027136,           0.0027136,           0.0027136
                 186,            0.023137,            0.011149,           0.0076375,             0.76919,             0.72384,             0.73973,             0.45438,            0.033691,            0.004907,            0.018427,            0.002674,            0.002674,            0.002674
                 187,            0.022871,            0.010869,           0.0069479,             0.76434,             0.71854,             0.73411,             0.45649,            0.034107,           0.0047583,            0.017136,           0.0026344,           0.0026344,           0.0026344
                 188,            0.022187,            0.010712,           0.0082157,             0.84628,             0.72738,             0.77536,              0.4767,            0.033475,           0.0048596,            0.015294,           0.0025948,           0.0025948,           0.0025948
                 189,            0.022531,            0.010776,           0.0068855,             0.78747,             0.71715,             0.75149,             0.46762,            0.033096,           0.0049637,            0.016591,           0.0025552,           0.0025552,           0.0025552
                 190,            0.021932,            0.011101,           0.0069174,             0.91103,             0.66356,             0.72864,             0.44424,            0.033516,           0.0048945,             0.01828,           0.0025156,           0.0025156,           0.0025156
                 191,            0.021601,            0.010496,           0.0062482,             0.91745,              0.6534,             0.71635,             0.43047,            0.033708,           0.0049258,             0.01694,            0.002476,            0.002476,            0.002476
                 192,            0.021575,             0.01088,           0.0064381,             0.89974,             0.66998,             0.71686,             0.43463,            0.033843,           0.0050097,            0.014644,           0.0024364,           0.0024364,           0.0024364
                 193,            0.021231,            0.010564,           0.0064324,             0.92289,             0.67808,             0.72736,             0.43557,            0.033757,           0.0049433,            0.014714,           0.0023968,           0.0023968,           0.0023968
                 194,            0.021638,            0.010632,           0.0068256,             0.73079,             0.69634,             0.72939,              0.4449,            0.032966,           0.0049387,              0.0131,           0.0023572,           0.0023572,           0.0023572
                 195,            0.022006,            0.010854,           0.0070555,             0.73247,             0.72567,             0.74608,              0.4612,             0.03217,           0.0049455,            0.012372,           0.0023176,           0.0023176,           0.0023176
                 196,            0.022231,            0.010819,           0.0062244,             0.74003,             0.68653,             0.75112,             0.47346,             0.03271,           0.0049154,            0.012609,            0.002278,            0.002278,            0.002278
                 197,            0.021734,            0.010679,           0.0079188,             0.74349,             0.69236,             0.74756,             0.45844,            0.032929,            0.004926,            0.012366,           0.0022384,           0.0022384,           0.0022384
                 198,            0.021646,            0.010704,           0.0065613,             0.78444,             0.74425,             0.73738,               0.451,            0.033633,           0.0048234,            0.014553,           0.0021988,           0.0021988,           0.0021988
                 199,            0.020816,            0.010631,           0.0055293,             0.70459,             0.70024,              0.7212,             0.44907,             0.03327,           0.0048868,            0.016696,           0.0021592,           0.0021592,           0.0021592
                 200,            0.021756,            0.010832,            0.006628,             0.67858,             0.73449,             0.71701,             0.44495,            0.033352,           0.0049955,            0.017141,           0.0021196,           0.0021196,           0.0021196
                 201,            0.022109,             0.01064,            0.006442,             0.71254,             0.72728,             0.71613,             0.44451,            0.033314,            0.004998,            0.017057,             0.00208,             0.00208,             0.00208
                 202,            0.021173,            0.010702,           0.0056516,             0.76617,             0.71793,             0.72854,             0.45943,            0.033407,           0.0050059,            0.017219,           0.0020404,           0.0020404,           0.0020404
                 203,            0.020642,            0.010413,           0.0053819,             0.75013,             0.73221,             0.73326,             0.45136,             0.03366,           0.0049722,            0.018318,           0.0020008,           0.0020008,           0.0020008
                 204,            0.021588,            0.010629,           0.0069974,                0.73,              0.7271,             0.72797,             0.44845,            0.033369,           0.0049947,             0.01553,           0.0019612,           0.0019612,           0.0019612
                 205,            0.020695,            0.010751,           0.0062792,             0.78103,             0.71474,             0.72886,             0.44104,            0.034011,           0.0050445,            0.016167,           0.0019216,           0.0019216,           0.0019216
                 206,            0.021914,            0.010705,           0.0056175,             0.76485,             0.72446,              0.7348,             0.45517,            0.034187,           0.0049364,             0.01722,            0.001882,            0.001882,            0.001882
                 207,            0.020997,            0.010566,           0.0053822,             0.90351,             0.67165,             0.73181,             0.45902,            0.033623,           0.0048963,            0.017042,           0.0018424,           0.0018424,           0.0018424
                 208,            0.020713,            0.010484,           0.0049212,             0.71863,             0.72762,               0.725,             0.45354,            0.033588,           0.0048959,            0.016511,           0.0018028,           0.0018028,           0.0018028
                 209,            0.020637,            0.010579,           0.0058125,             0.74805,             0.74037,             0.72618,             0.45493,             0.03356,           0.0048657,            0.016394,           0.0017632,           0.0017632,           0.0017632
                 210,            0.021335,            0.010241,           0.0056927,              0.7489,             0.73336,             0.71739,             0.44041,            0.034026,            0.004985,            0.015816,           0.0017236,           0.0017236,           0.0017236
                 211,            0.021519,            0.010445,           0.0072028,             0.72891,             0.72867,             0.71198,             0.43419,            0.033998,            0.005112,            0.016523,            0.001684,            0.001684,            0.001684
                 212,            0.021504,            0.010512,           0.0062854,             0.69312,             0.67816,             0.69958,             0.42647,            0.033662,           0.0051125,            0.016894,           0.0016444,           0.0016444,           0.0016444
                 213,            0.019637,            0.010443,           0.0059807,             0.70368,             0.66147,             0.70244,             0.43115,            0.033168,            0.005014,             0.01821,           0.0016048,           0.0016048,           0.0016048
                 214,            0.021975,            0.010442,           0.0065143,             0.70499,             0.72103,             0.70598,             0.43768,            0.033776,           0.0048688,            0.019234,           0.0015652,           0.0015652,           0.0015652
                 215,            0.020268,            0.010165,            0.005315,             0.67902,             0.71393,             0.69854,              0.4418,            0.034161,           0.0049017,            0.019169,           0.0015256,           0.0015256,           0.0015256
                 216,            0.020813,             0.01054,           0.0056774,             0.75755,             0.70009,             0.70267,             0.44307,            0.034445,           0.0048808,            0.018015,            0.001486,            0.001486,            0.001486
                 217,            0.020446,            0.010395,           0.0059439,             0.67259,             0.65982,             0.69661,             0.43433,            0.034627,           0.0049469,              0.0176,           0.0014464,           0.0014464,           0.0014464
                 218,            0.020392,           0.0098929,           0.0059504,             0.70344,              0.6863,             0.70943,               0.436,            0.034237,            0.004995,            0.017755,           0.0014068,           0.0014068,           0.0014068
                 219,            0.022186,            0.010446,           0.0062787,             0.88167,               0.684,             0.71861,             0.45141,            0.034485,           0.0050052,            0.017584,           0.0013672,           0.0013672,           0.0013672
                 220,            0.020668,            0.010138,           0.0066114,             0.75675,             0.70086,             0.72136,             0.45294,            0.034426,           0.0049896,            0.018059,           0.0013276,           0.0013276,           0.0013276
                 221,              0.0207,              0.0105,           0.0057049,             0.69995,             0.73381,             0.71683,              0.4398,            0.034363,           0.0050701,            0.018376,            0.001288,            0.001288,            0.001288
                 222,            0.020543,            0.010228,           0.0052984,             0.78145,             0.70161,             0.72134,             0.44426,             0.03417,           0.0050579,            0.019056,           0.0012484,           0.0012484,           0.0012484
                 223,            0.019961,            0.010094,           0.0054219,              0.7821,             0.70313,             0.71768,             0.43433,            0.034317,           0.0050553,            0.018871,           0.0012088,           0.0012088,           0.0012088
                 224,            0.020286,            0.010287,           0.0048697,             0.89214,             0.67014,             0.70851,             0.43223,            0.034789,           0.0050993,            0.018257,           0.0011692,           0.0011692,           0.0011692
                 225,            0.020224,            0.010104,           0.0046047,              0.6744,             0.73292,             0.71644,             0.43882,            0.034683,           0.0050926,            0.018569,           0.0011296,           0.0011296,           0.0011296
                 226,            0.020253,             0.01053,           0.0062865,             0.71779,             0.66722,             0.71309,             0.44018,            0.034672,           0.0050573,            0.019405,             0.00109,             0.00109,             0.00109
                 227,            0.020697,           0.0099567,           0.0051283,             0.71856,             0.66549,             0.71026,              0.4378,            0.034737,            0.005106,            0.019813,           0.0010504,           0.0010504,           0.0010504
                 228,            0.019663,            0.010121,           0.0050169,             0.74739,             0.70568,             0.71558,             0.44011,            0.034728,           0.0050988,            0.020439,           0.0010108,           0.0010108,           0.0010108
                 229,            0.020181,            0.010289,             0.00498,             0.72115,             0.65972,             0.69996,             0.42735,            0.034662,            0.005098,             0.02026,           0.0009712,           0.0009712,           0.0009712
                 230,            0.020228,           0.0099697,           0.0055725,             0.71709,              0.6524,              0.7004,             0.42431,            0.034687,           0.0050864,            0.019264,           0.0009316,           0.0009316,           0.0009316
                 231,            0.019855,            0.010086,           0.0054296,             0.71052,             0.65796,             0.69952,             0.42894,            0.034313,           0.0051315,            0.018867,            0.000892,            0.000892,            0.000892
                 232,            0.019764,            0.009954,           0.0045699,             0.69234,             0.66306,             0.70235,             0.43455,            0.034269,           0.0051287,            0.019218,           0.0008524,           0.0008524,           0.0008524
                 233,            0.020487,            0.010127,           0.0047599,             0.68879,             0.66937,             0.70121,             0.43525,            0.034305,           0.0050893,            0.018913,           0.0008128,           0.0008128,           0.0008128
                 234,            0.019937,           0.0098766,           0.0047336,             0.70177,             0.66874,             0.70769,             0.43683,            0.034157,           0.0051062,             0.01897,           0.0007732,           0.0007732,           0.0007732
                 235,            0.020295,            0.010001,           0.0056575,             0.69531,             0.67888,              0.7081,             0.43419,            0.034343,           0.0050996,             0.01922,           0.0007336,           0.0007336,           0.0007336
                 236,            0.018838,            0.010037,           0.0052152,              0.7171,             0.67455,              0.7144,             0.44025,            0.034295,           0.0050858,            0.019218,            0.000694,            0.000694,            0.000694
                 237,            0.019962,           0.0099919,            0.004971,             0.71076,             0.67481,             0.71313,             0.44004,            0.034417,           0.0051161,            0.018906,           0.0006544,           0.0006544,           0.0006544
                 238,            0.018907,           0.0097121,           0.0045097,             0.71506,             0.67029,             0.71054,              0.4333,            0.034595,           0.0051308,            0.018657,           0.0006148,           0.0006148,           0.0006148
                 239,            0.018945,           0.0097225,           0.0042957,              0.7217,              0.6632,             0.71116,             0.43954,            0.034578,           0.0051089,            0.018371,           0.0005752,           0.0005752,           0.0005752
                 240,            0.020146,            0.010148,           0.0043701,             0.72044,             0.66175,             0.71056,             0.44104,            0.034356,           0.0051247,             0.01855,           0.0005356,           0.0005356,           0.0005356
                 241,            0.019553,           0.0099878,           0.0041779,             0.70923,             0.65178,             0.70127,             0.43684,            0.034348,           0.0051295,            0.018673,            0.000496,            0.000496,            0.000496
                 242,            0.019199,            0.009877,           0.0047633,             0.68631,             0.67715,             0.71194,             0.43925,            0.034198,           0.0051483,            0.018458,           0.0004564,           0.0004564,           0.0004564
                 243,             0.01996,             0.01011,           0.0045282,             0.68554,             0.67015,             0.71503,             0.43762,            0.034215,           0.0051528,            0.018557,           0.0004168,           0.0004168,           0.0004168
                 244,            0.018717,           0.0094834,           0.0045281,             0.69429,             0.67231,             0.71447,              0.4405,            0.034316,           0.0051198,            0.018513,           0.0003772,           0.0003772,           0.0003772
                 245,            0.019719,           0.0098439,            0.005232,             0.69875,             0.67627,             0.71481,             0.43606,            0.034324,           0.0051095,            0.018254,           0.0003376,           0.0003376,           0.0003376
                 246,            0.018234,            0.009814,           0.0042199,             0.70042,             0.67646,             0.71768,              0.4379,             0.03432,           0.0051177,            0.017928,            0.000298,            0.000298,            0.000298
                 247,            0.019698,           0.0098416,           0.0041153,              0.6989,             0.67715,             0.71823,             0.43909,            0.034205,           0.0051223,            0.017617,           0.0002584,           0.0002584,           0.0002584
                 248,             0.01886,           0.0099315,            0.004673,             0.69693,             0.67604,             0.71736,             0.43782,            0.034145,           0.0051244,            0.017343,           0.0002188,           0.0002188,           0.0002188
                 249,            0.019218,           0.0099919,           0.0045161,             0.69864,             0.67872,             0.72049,             0.43972,            0.034177,            0.005119,             0.01712,           0.0001792,           0.0001792,           0.0001792
